ID,Name,Age,City,Salary,Department,Experience_Years,Email,Mobile,Status
1,User1,21,City1,30150,Dept1,1,user1@example.com,9000000001,Inactive
2,User2,22,City2,30300,Dept2,2,user2@example.com,9000000002,Active
3,User3,23,City3,30450,Dept3,3,user3@example.com,9000000003,Inactive
4,User4,24,City4,30600,Dept4,4,user4@example.com,9000000004,Active
5,User5,25,City5,30750,Dept0,5,user5@example.com,9000000005,Inactive
6,User6,26,City6,30900,Dept1,6,user6@example.com,9000000006,Active
7,User7,27,City7,31050,Dept2,7,user7@example.com,9000000007,Inactive
8,User8,28,City8,31200,Dept3,8,user8@example.com,9000000008,Active
9,User9,29,City9,31350,Dept4,9,user9@example.com,9000000009,Inactive
10,User10,30,City0,31500,Dept0,10,user10@example.com,9000000010,Active
11,User11,31,City1,31650,Dept1,11,user11@example.com,9000000011,Inactive
12,User12,32,City2,31800,Dept2,12,user12@example.com,9000000012,Active
13,User13,33,City3,31950,Dept3,13,user13@example.com,9000000013,Inactive
14,User14,34,City4,32100,Dept4,14,user14@example.com,9000000014,Active
15,User15,35,City5,32250,Dept0,0,user15@example.com,9000000015,Inactive
16,User16,36,City6,32400,Dept1,1,user16@example.com,9000000016,Active
17,User17,37,City7,32550,Dept2,2,user17@example.com,9000000017,Inactive
18,User18,38,City8,32700,Dept3,3,user18@example.com,9000000018,Active
19,User19,39,City9,32850,Dept4,4,user19@example.com,9000000019,Inactive
20,User20,40,City0,33000,Dept0,5,user20@example.com,9000000020,Active
21,User21,41,City1,33150,Dept1,6,user21@example.com,9000000021,Inactive
22,User22,42,City2,33300,Dept2,7,user22@example.com,9000000022,Active
23,User23,43,City3,33450,Dept3,8,user23@example.com,9000000023,Inactive
24,User24,44,City4,33600,Dept4,9,user24@example.com,9000000024,Active
25,User25,45,City5,33750,Dept0,10,user25@example.com,9000000025,Inactive
26,User26,46,City6,33900,Dept1,11,user26@example.com,9000000026,Active
27,User27,47,City7,34050,Dept2,12,user27@example.com,9000000027,Inactive
28,User28,48,City8,34200,Dept3,13,user28@example.com,9000000028,Active
29,User29,49,City9,34350,Dept4,14,user29@example.com,9000000029,Inactive
30,User30,20,City0,34500,Dept0,0,user30@example.com,9000000030,Active
31,User31,21,City1,34650,Dept1,1,user31@example.com,9000000031,Inactive
32,User32,22,City2,34800,Dept2,2,user32@example.com,9000000032,Active
33,User33,23,City3,34950,Dept3,3,user33@example.com,9000000033,Inactive
34,User34,24,City4,35100,Dept4,4,user34@example.com,9000000034,Active
35,User35,25,City5,35250,Dept0,5,user35@example.com,9000000035,Inactive
36,User36,26,City6,35400,Dept1,6,user36@example.com,9000000036,Active
37,User37,27,City7,35550,Dept2,7,user37@example.com,9000000037,Inactive
38,User38,28,City8,35700,Dept3,8,user38@example.com,9000000038,Active
39,User39,29,City9,35850,Dept4,9,user39@example.com,9000000039,Inactive
40,User40,30,City0,36000,Dept0,10,user40@example.com,9000000040,Active
41,User41,31,City1,36150,Dept1,11,user41@example.com,9000000041,Inactive
42,User42,32,City2,36300,Dept2,12,user42@example.com,9000000042,Active
43,User43,33,City3,36450,Dept3,13,user43@example.com,9000000043,Inactive
44,User44,34,City4,36600,Dept4,14,user44@example.com,9000000044,Active
45,User45,35,City5,36750,Dept0,0,user45@example.com,9000000045,Inactive
46,User46,36,City6,36900,Dept1,1,user46@example.com,9000000046,Active
47,User47,37,City7,37050,Dept2,2,user47@example.com,9000000047,Inactive
48,User48,38,City8,37200,Dept3,3,user48@example.com,9000000048,Active
49,User49,39,City9,37350,Dept4,4,user49@example.com,9000000049,Inactive
50,User50,40,City0,37500,Dept0,5,user50@example.com,9000000050,Active
51,User51,41,City1,37650,Dept1,6,user51@example.com,9000000051,Inactive
52,User52,42,City2,37800,Dept2,7,user52@example.com,9000000052,Active
53,User53,43,City3,37950,Dept3,8,user53@example.com,9000000053,Inactive
54,User54,44,City4,38100,Dept4,9,user54@example.com,9000000054,Active
55,User55,45,City5,38250,Dept0,10,user55@example.com,9000000055,Inactive
56,User56,46,City6,38400,Dept1,11,user56@example.com,9000000056,Active
57,User57,47,City7,38550,Dept2,12,user57@example.com,9000000057,Inactive
58,User58,48,City8,38700,Dept3,13,user58@example.com,9000000058,Active
59,User59,49,City9,38850,Dept4,14,user59@example.com,9000000059,Inactive
60,User60,20,City0,39000,Dept0,0,user60@example.com,9000000060,Active
61,User61,21,City1,39150,Dept1,1,user61@example.com,9000000061,Inactive
62,User62,22,City2,39300,Dept2,2,user62@example.com,9000000062,Active
63,User63,23,City3,39450,Dept3,3,user63@example.com,9000000063,Inactive
64,User64,24,City4,39600,Dept4,4,user64@example.com,9000000064,Active
65,User65,25,City5,39750,Dept0,5,user65@example.com,9000000065,Inactive
66,User66,26,City6,39900,Dept1,6,user66@example.com,9000000066,Active
67,User67,27,City7,40050,Dept2,7,user67@example.com,9000000067,Inactive
68,User68,28,City8,40200,Dept3,8,user68@example.com,9000000068,Active
69,User69,29,City9,40350,Dept4,9,user69@example.com,9000000069,Inactive
70,User70,30,City0,40500,Dept0,10,user70@example.com,9000000070,Active
71,User71,31,City1,40650,Dept1,11,user71@example.com,9000000071,Inactive
72,User72,32,City2,40800,Dept2,12,user72@example.com,9000000072,Active
73,User73,33,City3,40950,Dept3,13,user73@example.com,9000000073,Inactive
74,User74,34,City4,41100,Dept4,14,user74@example.com,9000000074,Active
75,User75,35,City5,41250,Dept0,0,user75@example.com,9000000075,Inactive
76,User76,36,City6,41400,Dept1,1,user76@example.com,9000000076,Active
77,User77,37,City7,41550,Dept2,2,user77@example.com,9000000077,Inactive
78,User78,38,City8,41700,Dept3,3,user78@example.com,9000000078,Active
79,User79,39,City9,41850,Dept4,4,user79@example.com,9000000079,Inactive
80,User80,40,City0,42000,Dept0,5,user80@example.com,9000000080,Active
81,User81,41,City1,42150,Dept1,6,user81@example.com,9000000081,Inactive
82,User82,42,City2,42300,Dept2,7,user82@example.com,9000000082,Active
83,User83,43,City3,42450,Dept3,8,user83@example.com,9000000083,Inactive
84,User84,44,City4,42600,Dept4,9,user84@example.com,9000000084,Active
85,User85,45,City5,42750,Dept0,10,user85@example.com,9000000085,Inactive
86,User86,46,City6,42900,Dept1,11,user86@example.com,9000000086,Active
87,User87,47,City7,43050,Dept2,12,user87@example.com,9000000087,Inactive
88,User88,48,City8,43200,Dept3,13,user88@example.com,9000000088,Active
89,User89,49,City9,43350,Dept4,14,user89@example.com,9000000089,Inactive
90,User90,20,City0,43500,Dept0,0,user90@example.com,9000000090,Active
91,User91,21,City1,43650,Dept1,1,user91@example.com,9000000091,Inactive
92,User92,22,City2,43800,Dept2,2,user92@example.com,9000000092,Active
93,User93,23,City3,43950,Dept3,3,user93@example.com,9000000093,Inactive
94,User94,24,City4,44100,Dept4,4,user94@example.com,9000000094,Active
95,User95,25,City5,44250,Dept0,5,user95@example.com,9000000095,Inactive
96,User96,26,City6,44400,Dept1,6,user96@example.com,9000000096,Active
97,User97,27,City7,44550,Dept2,7,user97@example.com,9000000097,Inactive
98,User98,28,City8,44700,Dept3,8,user98@example.com,9000000098,Active
99,User99,29,City9,44850,Dept4,9,user99@example.com,9000000099,Inactive
100,User100,30,City0,45000,Dept0,10,user100@example.com,9000000100,Active
